Dataset,AUROC,AUPRC,Rec@K,K,Time(s),k_a,k_s,eta
amazon,0.2657,0.0428,0.0012,821,8.32,10,100,1
dgraphfin,0.5498,0.0047,0.0043,15509,22.71,20,20,500
elliptic,0.2786,0.0141,0.0086,4545,0.95,20,20,500
questions,0.6330,0.0519,0.0719,1460,0.78,10,50,10
reddit,0.6016,0.0424,0.0410,366,0.06,10,5,500
tfinance,0.6361,0.0645,0.0155,1803,11.59,20,20,500
tolokers,0.5494,0.2850,0.2841,2566,0.50,10,50,10
tsocial,0.8754,0.1413,0.1563,174280,1278.29,10,200,1
weibo,0.6430,0.3957,0.3756,868,0.50,10,50,10
yelp,0.4929,0.1461,0.1483,6677,8.11,10,100,1
